Id,Email,Phone,Contacts,OrderId
0,gkzAbIy@qq.com,,1,
1,,3.29443E+11,4,vDDJJcxfLtSfkooPhbYnJdxov
2,,9125983679,0,
3,mdllpYmE@gmail.com,,0,bHquEnCbbsGLqllwryxPsNOxa
4,,300364407,2,
5,,840113148,0,
6,hESiBgYTxMnj@hotmail.com,,4,
7,hqyunTiaXfIjhO@yahoo.com,,1,vxjYZtMUvNhtEBDruzQfjpsmX
8,XGUjcSiDpFKWEUCs@qq.com,2.23605E+11,2,
9,osIIQgAiZX@hotmail.com,,0,IqewrMXVTJqSsVklWFfOpdRNI
10,,9.18974E+11,3,OHRFAXqbAzyxljoUDaOErwtrg
11,QRamvop@qq.com,,0,
12,QexYMLXc@qq.com,,2,
13,YsKhkKGJoQSNniHcr@yahoo.com,562300766,1,IqewrMXVTJqSsVklWFfOpdRNI
14,,17423803380,4,
15,,92607900110,4,
16,,8888238873,0,
17,TNaMorNIWCJARsXlg@gmail.com,92607900110,3,GqpDeqZSwZTbPRrrGePkOhbSQ
18,qOkuzhOuPsbltatw@qq.com,,4,zSekjOkRLyiGjvOPikTKwksFK
19,OPDjDybln@qq.com,,1,hmEXuNUPZQyefHErmzjGbeeFK
20,pakhLVMLp@qq.com,,3,
21,BWoPWiRuMzWyInsDy@gmail.com,,1,MswKjQqGNxFUOgZyDtiksGKhJ
22,FoaGWGbpnlvizkIG@qq.com,87750412055,0,FAfkaPfbiYqJNLqonkuozigbW
23,jsHBHNssMav@hotmail.com,,4,OnwHjZymfuCuiyVfqLzioMRKm
24,mJDLhbFcHYsq@qq.com,,4,QpimNsrfVeVbCMIeriuSXGvqx
25,,8633026949,2,
26,,387065011,0,lIuGVCoYTcpMcQWyGusHFwJNF
27,HnpNQFirm@yahoo.com,,4,JiXywPhlVNYUeUtzyzRcAuqdI
28,MbjTCmxpcqf@yahoo.com,28044435230,1,nfVgFexPZGijuRCTKQOCRYKBe
29,QeUmxugpDKAKeRLNjX@yahoo.com,,0,
30,mgKGRKoFOdsB@yahoo.com,,1,krTjhUVfqiDZCGFaQpJpQlYBs
31,LrDMxWTpx@qq.com,,0,evwWHyzhuIITmCuhioiIhsFtE
32,,38969610017,3,
33,XLAVlZUqxWprVG@gmail.com,,3,VFfXBTpVBgmCPBNSXsnckcwMM
34,,306249213,0,
35,,677071683,1,
36,YPuAqGfmVcEgE@gmail.com,,1,cbxcuGVlsFcpDwyhzIVgkPhrr
37,,2469790597,1,viyXTQjuASUijgVgEYPCMMoeS
38,hESiBgYTxMnj@hotmail.com,207264189,0,
39,PsVlemLYj@qq.com,,2,
40,mnCqgyZpXZGUrEVkc@yahoo.com,,3,ivKrxGDlgGEoNyrDUBYRWCudZ
41,rKNcHWwUKYb@qq.com,46978944664,2,
42,VbaKKxkCzo@yahoo.com,315194406,3,TsBwFmhSCeauMjfoMVkhTBdYI
43,,8730463856,3,wrGRiVjrpcVMGSDNwsMDFrRBt
44,rkxfmOdDeriajmcZGT@qq.com,,2,
45,,9416520356,3,sHlgpJXxmsaJPuqzSMNyqKgpk
46,FivCkMqgnZ@gmail.com,,1,
47,DEkFDIFBKSi@gmail.com,,1,NxuimjmpxXubFRJVyDMxeEbjT
48,VfuhRFLQevQ@yahoo.com,,4,
49,GNMmyGiWbSsDTdMayomQ@qq.com,,2,
50,TIMejlVYhfqjy@gmail.com,840113148,4,XBkNrwcWWslDvSQdhYPfCpQJo
51,LEQvQVjRnZGUzzii@qq.com,677071683,4,tNyZAarWISkKcyhLPjYOVXfrD
52,ITSENNNBYRhq@yahoo.com,,2,JsORSKHmzWlRvSNKUTVofoPkZ
53,jHkRilpCWry@hotmail.com,,0,
54,,80168501007,4,TmoVtgGCoHtVtSdXbnDToWJXq
55,wwffNSus@hotmail.com,,3,
56,,5347826861,3,
57,ephPlgkEK@yahoo.com,,0,wkFfwbHCwvYKgLcFgdeQxcUBu
58,vbzvuntiUfBVyjQOyH@yahoo.com,,3,
59,htOuIDNDyjaqBnBeJ@hotmail.com,,0,
60,imFjDAffVBweKEU@gmail.com,,0,MmiFeSqdjeXWtbtsfoEtdOTmn
61,bMuPrDUjzxOGVTP@yahoo.com,,1,
62,,157404533,4,vyRJXqtSJqbmEjcyELesbwRDm
63,qfBZnXNs@yahoo.com,,3,tHxRHhDzmLGcybMwMUSdbmpwM
64,HEeyfpYPe@yahoo.com,,2,lOPoVlAtsyNluMXxyzwyCRWLB
65,,793551728,3,
66,,5506092816,1,
67,,9.31354E+11,1,
68,MqeWqLfAIPvgaelFet@hotmail.com,1.73754E+11,3,yszJKOtWYrnjJoMPmXQMuZhiu
69,YfRusUcquQn@qq.com,,3,
70,noZoUAotpAgkvXZhDPd@hotmail.com,,3,
71,kwktzZxdobUJKEsj@hotmail.com,,1,isUifsgawzwPMwXpRwmemJsov
72,,8.74116E+11,0,
73,PPeJdqDqBrdQ@qq.com,,1,ZMofCUqTzvilxGCWpWQnZdnuo
74,,1.60203E+11,3,NQAJIMLldKAyYHhKekoUoJpCL
75,rZVxQTVljQOROKag@gmail.com,18347336757,3,
76,oqSiHNjVBSsPONWP@gmail.com,,0,AAtjOQdHryvhlAOKCykFvTgKw
77,RTfrrHNi@hotmail.com,,2,
78,PeNqfqZJdmwGGOmamDv@yahoo.com,,3,MbVdpVArCxHPZqMqhHSJAGTxb
79,,7078845898,2,
80,mydsYsnkqJyOENTatFD@gmail.com,,3,oPnBODMtSTuQHTXDUTgbJNTTL
81,iwgkwsLG@qq.com,,2,
82,,2905688150,4,
83,,50836521346,1,tKCJUnGkItKynDWYygcdrqBEZ
84,,200902397,0,gsxEodTBoBPzAMpcCIqdHdwSl
85,,350299140,4,
86,QuIdiMhSGvlFiDSH@gmail.com,,3,EDSUnUBWkKymzjXqZwnlGhOxx
87,,1.48015E+11,2,jYftgwmvuVaArUKdBsrGDLAsu
88,,7.34009E+11,0,
89,zUbQLByvDEWHgHYmavoD@yahoo.com,,0,NHUVbfqPcrAcgHytKuZIPovrI
90,pIbTzsAXMUZVJtAd@qq.com,,4,jiVTGxJBOwFCJuHltuAKEXprZ
91,,7.28825E+11,0,
92,,8703821080,1,
93,QWTggRqRJqQ@yahoo.com,,2,DWsgZdUKEUBrzIMiHqYwRanyM
94,,4.1875E+11,3,tlbFkZgyOxWnYjbRtDKajhOnj
95,gWNVijaZJrQUSBhxHi@qq.com,,0,
96,,468981077,4,CVGixrrHHbvLmNAhamcnUQHrR
97,FoDkCwaAyfreFvCqPcBC@yahoo.com,,3,
98,DxtVenmxYlNSRxG@qq.com,,0,
